Matemáticas,Eléctrica,DCC
Astronomía,Comunicación
Matemáticas,Astronomía,Economía
Física,Medicina,Eléctrica
Matemáticas,Economía
Lenguaje,Historia
Matemáticas,DeepLearning,Economía
Arte,Diseño,Música,IDI,Animación,Astronomía
Astronomía
Matemáticas,Economía,Biología,Física,Eléctrica
Astronomía,Economía
Economía,Lingüística,Matemáticas
Robótica,Mecánica,Diseño
Biotecnología,Robótica,Videojuegos,Diseño3D
Eléctrica,Física
Robótica,SistemasOperativos,Eléctrica
Astronomía,Economía,Minas,Comunicación,Matemáticas,Periodismo,Biología
Economía,Matemáticas,Comunicación
Astronomía,Matemáticas
Lingüística
Arte,Robótica,Pedagogía
Economía,Transporte
Economía,Lingüística
Comunicación
Astronomía
Arte,Música,Diseño,Salud
Matemáticas,Economía,Astronomía,Lingüística
Robótica,Arte,Eléctrica
Física,Biomédica,Minera,Economía
Biología,Periodismo,Comunicación
Música,Computación,Arte,Biología,Astronomía
Comunicación,Datos
Matemática,Ingeniería,Ciencias,Economía
Economía,Computación,Matemática,Lingüística,Periodismo,Comunicación,Datos
Datos,Matemática,Deportes,Música
Mecánica,Música,Audiovisual,Electrónica
Astronomía,Datos,Matemática
Arquitectura,Diseño,Economía,Comunicación,Datos
Matemática,Eléctrica,Robótica,Software,Economía,Comunicación
Astronomía,Biología,Comunicación,Matemática
Biología,Economía,Astronomía,Matemática,Innovación